氏名,誕生日,年齢,郵便番号,住所_1,敬称,,,,連名,連名敬称
くろせ,2009/5/11,7歳,939-9876,シダックス,様,7,2016,2009,,
きょうすけ,2009/12/2,6歳,567-5678,はまずし,様,7,2016,2009,,
園児S,2009/4/4,7歳,043-5382,,様,7,2016,2009,園児V,様
しょーご,2009/11/19,6歳,098-3879,せいきょう,様,7,2016,2009,,
ぼぶぼぶ,2009/7/14,7歳,289-9083,未来大,様,7,2016,2009,,
園児H,2009/10/3,7歳,429-5830,,様,7,2016,2009,,
園児N,2009/10/4,7歳,534-4382,,様,7,2016,2009,園児C,様
こじま,2010/3/27,6歳,894-8932,うし,様,7,2016,2009,,
TAITO,2009/11/1,6歳,920-0492,セブン,様,7,2016,2009,,
おおにし,2009/8/21,7歳,342-7654,pepper,様,7,2016,2009,,
こやま,2009/7/2,7歳,587-7987,服,様,7,2016,2009,,
もりしま,2009/10/11,7歳,234-4932,モデル,様,7,2016,2009,,
園児I,2009/8/30,7歳,430-5493,,様,7,2016,2009,,
園児U,2009/4/3,7歳,189-3924,,様,7,2016,2009,,
園児P,2009/8/23,7歳,549-5869,,様,7,2016,2009,,
なべし,2010/3/9,6歳,849-9392,たこやき,様,7,2016,2009,,
しんご,2010/1/16,6歳,657-8543,監獄,様,7,2016,2009,,
こじま,2010/2/17,6歳,409-4892,麺,様,7,2016,2009,,
ふなき,2009/12/4,6歳,294-4293,家具,様,7,2016,2009,,
